Hour,Demand
1,16599.8
2,16114.5
3,15851.6
4,15792.5
5,16058.5
6,17031.2
7,18677.4
8,19696.6
9,20132.2
10,20200.6
11,20003.1
12,19714.2
13,19351.4
14,19163.2
15,19026.1
16,19065.3
17,19357.4
18,19882.6
19,20283.5
20,19929.2
21,19494.6
22,18780.2
23,17799.6
24,16779.8
25,15952.9
26,15464.3
27,15180.7
28,15059
29,15127.6
30,15482.4
31,16141.1
32,16789.5
33,17601.7
34,18089
35,18344.3
36,18346.1
37,18216.6
38,18048.5
39,17793.9
40,17667.5
41,17915
42,18531.3
43,19121.9
44,18920.5
45,18500.7
46,17907.7
47,17129.5
48,16265.5
49,15513.3
50,14990.8
51,14674
52,14559.7
53,14568.8
54,14841.4
55,15257.4
56,15716.2
57,16274.5
58,16638.4
59,16823.2
60,16762.1
61,16629.5
62,16708.3
63,16990.1
64,17402.3
65,18051.1
66,18908.5
67,19534.3
68,19400.1
69,18993.7
70,18235.7
71,17211.9
72,16238.5
73,15580.2
74,15193.2
75,14931.9
76,14894.9
77,15172.2
78,16068.1
79,17550.7
80,18613.6
81,19326.1
82,19622.6
83,19653.6
84,19545.8
85,19372.4
86,19272.4
87,19155.7
88,19160
89,19542.7
90,20296.8
91,21168.9
92,21007.9
93,20465.6
94,19596.1
95,18359.7
96,17266.2
97,16498
98,16190.5
99,16021
100,16042.3
101,16366.1
102,17346.9
103,18962.1
104,19886.6
105,19999.6
106,19995.7
107,19943.4
108,19782
109,19504.3
110,19388.3
111,19344
112,19520.3
113,20029.9
114,20778.5
115,21639.4
116,21565.4
117,21095.9
118,20174.9
119,18919.6
120,17781.3
121,17063.5
122,16686.2
123,16494.5
124,16466.2
125,16789.2
126,17797.7
127,19409.5
128,20282.5
129,20479.1
130,20451
131,20447.1
132,20399.4
133,20262.5
134,20236.8
135,20150.1
136,20302
137,20752.9
138,21439.6
139,22256.7
140,22204.3
141,21732.3
142,20837
143,19537
144,18374.1
145,17595.7
146,17140.8
147,16930.5
148,16903.7
149,17179
150,18111.6
151,19688
152,20557.8
153,20684.5
154,20572
155,20369.8
156,20290.9
157,20225.1
158,20173.3
159,20052.7
160,20145.5
161,20563.3
162,21197
163,21912.9
164,21775.2
165,21285.9
166,20386.8
167,19181.1
168,17991
169,17214
170,16823.6
171,16616.2
172,16596.6
173,16877
174,17855.4
175,19387.8
176,20178.6
177,20158.8
178,20017.9
179,19858.2
180,19579.4
181,19212.3
182,18985.7
183,18808.9
184,18819.8
185,19136.4
186,19684
187,20310.6
188,20135.9
189,19669.3
190,19026.2
191,18076
192,17092.6
193,16403.8
194,15951.2
195,15687.7
196,15559.1
197,15631.8
198,16010.8
199,16543.5
200,17048.4
201,17308.4
202,17299.9
203,17201
204,17030.5
205,16715.4
206,16440
207,16261.1
208,16340
209,16779
210,17531.4
211,18464.8
212,18509.3
213,18206
214,17699.6
215,16971.3
216,16178.1
217,15481.9
218,14974.1
219,14682.1
220,14589.1
221,14763.6
222,15205.1
223,15785.2
224,16442.7
225,17296.5
226,17928.1
227,18304
228,18367.7
229,18225.7
230,18089.5
231,17984.7
232,18140.4
233,18373.4
234,18636
235,18988.2
236,18683.8
237,18009.5
238,17049.7
239,16013
240,15251.9
241,14768.1
242,14522
243,14447.4
244,14699.5
245,15603.9
246,17300
247,18597.5
248,18924.2
249,18846.2
250,18757.7
251,18556.6
252,18288.2
253,18176
254,18015.8
255,18041.7
256,18239.4
257,18711.5
258,19009.7
259,19531.4
260,19244.9
261,18459
262,17233.5
263,16067.3
264,15319.5
265,14876.3
266,14677.7
267,14650.1
268,14932.1
269,15860.2
270,17677.5
271,18962.1
272,19241.1
273,19388.4
274,19416.3
275,19196.8
276,18805.8
277,18495.9
278,18153.2
279,18006.4
280,18198.6
281,18594.2
282,19023.5
283,19750.3
284,19624.6
285,18913.4
286,17799.8
287,16567.9
288,15711.8
289,15281.9
290,15068
291,15033.3
292,15273.7
293,16195.8
294,18036.8
295,19193
296,19315
297,19082.5
298,18834.5
299,18536.7
300,18228.8
301,18113
302,17996.1
303,18141.8
304,18491.4
305,18936.2
306,19147.2
307,19470.3
308,19108.4
309,18317.1
310,17172.1
311,15969
312,15075.1
313,14556.6
314,14252.8
315,14139.3
316,14359.7
317,15225.8
318,16952.4
319,18135.1
320,18365.3
321,18294.5
322,18040.3
323,17703.1
324,17404.6
325,17276.3
326,17092.3
327,17140.8
328,17391.1
329,17724.6
330,18004.6
331,18530.5
332,18319.3
333,17562.8
334,16395.7
335,15223.3
336,14378
337,13848.1
338,13559.7
339,13451.8
340,13609.9
341,14426.5
342,16081.9
343,17353.9
344,17784.8
345,17965.7
346,17887
347,17757.5
348,17550.3
349,17486.4
350,17266
351,17248.2
352,17404.9
353,17578.9
354,17681.4
355,18063.3
356,17685.5
357,17106.5
358,16203.3
359,15247.4
360,14430.6
361,13872.1
362,13549.6
363,13394.1
364,13428.6
365,13774.3
366,14534.1
367,15288.2
368,15995.2
369,16485
370,15178.8
371,14669.6
372,14394.1
373,14270.3
374,14284
375,14534.7
376,15062.1
377,15636.2
378,16172.4
379,16539.3
380,16659.7
381,16556.8
382,16413.6
383,16225.9
384,16060.6
385,16021.5
386,16275.7
387,16801.4
388,17294.7
389,18180.5
390,18259.9
391,17722.2
392,16847.6
393,15878.3
394,15055.3
395,14715.1
396,14528.7
397,14544.6
398,14824.1
399,15796.1
400,17610.9
401,18773.8
402,18936.5
403,18847.4
404,18636.4
405,18372.9
406,18112.2
407,18037.7
408,17967.1
409,18088.8
410,18340.2
411,18712.9
412,18942.8
413,19448.5
414,19274.6
415,18517.5
416,17347.4
417,16155.7
418,15304.6
419,14894.8
420,14691.7
421,14696.2
422,14977.1
423,15868.4
424,17586.3
425,18631.4
426,18740.1
427,18593.3
428,18346.5
429,17956
430,17767.8
431,17705
432,17629.6
433,17659.7
434,17881.7
435,18192.4
436,18417.1
437,19088.2
438,19023.3
439,18272
440,17166.2
441,15974.1
442,15181
443,14804.6
444,14563.1
445,14543.6
446,14791.8
447,15782.7
448,17576.4
449,18616.6
450,18621.7
451,18295
452,17953.3
453,17560.6
454,17248
455,17038.1
456,16882.8
457,16869.9
458,17095.9
459,17475.3
460,17868.6
461,18517.7
462,18389.9
463,17720.8
464,16578.6
465,15339.2
466,14516
467,14066.9
468,13803.5
469,13722.6
470,13952.9
471,14851.8
472,16669.2
473,17951.3
474,18353.6
475,18572.7
476,18691.3
477,18707.7
478,18580.5
479,18451
480,18336.3
481,18365.2
482,18554.1
483,18750
484,18825
485,19060.2
486,18756.3
487,17985.5
488,16884.7
489,15678.5
490,14750.4
491,14270.2
492,14041.9
493,13945.5
494,14155.1
495,15030.7
496,16749.6
497,17979.9
498,18564.4
499,18862.8
500,19021.5
501,18933.1
502,18826.3
503,18717.2
504,18455.3
505,18279.4
506,18304.3
507,18397.9
508,18514.2
509,18922.1
510,18777.3
511,18218.9
512,17333.4
513,16299.5
514,15508.6
515,15065.1
516,14811.4
517,14683.3
518,14731.3
519,15120.6
520,15838.9
521,16593.6
522,17262.6
523,17642.1
524,17746.4
525,17395.7
526,16943.2
527,16514
528,16175.6
529,16012.9
530,16120.4
531,16520.7
532,17018.6
533,17702.4
534,17867.9
535,17492.3
536,16832.1
537,16053.4
538,15336.2
539,14815.8
540,14467.4
541,14296.6
542,14292.8
543,14529.6
544,15068.9
545,15456.5
546,15763.6
547,15804.7
548,15825
549,15740.9
550,15613.1
551,15425.8
552,15457.1
553,15591.7
554,15872.3
555,16242.2
556,16630
557,17358.5
558,17394.1
559,16754.4
560,15831.4
561,14815.3
562,14079.8
563,13696.3
564,13460.5
565,13451.5
566,13732.2
567,14696.2
568,16423.5
569,17549.7
570,17849.2
571,17846.4
572,17872.9
573,17847.2
574,17546.5
575,17379.1
576,17199.4
577,17158.2
578,17509.8
579,17843.8
580,18061.2
581,18556
582,18542.5
583,17791.6
584,16697.3
585,15607.2
586,14836.1
587,14435.4
588,14274.8
589,14316.7
590,14642.1
591,15678.6
592,17473.4
593,18466.1
594,18511.6
595,18220.4
596,18033
597,17741.1
598,17483.4
599,17274.6
600,17051.2
601,17030.9
602,17276.4
603,17714.4
604,18061.3
605,18744
606,18836.3
607,18137.2
608,17051.7
609,15893.5
610,15108.2
611,14705.9
612,14497.7
613,14500.2
614,14810.4
615,15782.7
616,17443.9
617,18396.3
618,18483.4
619,18254.9
620,17918.5
621,17599.3
622,17317.4
623,17177.4
624,17047.1
625,16983.9
626,17227.6
627,17645.5
628,17992
629,18651.6
630,18746.5
631,18053.5
632,16918.9
633,15794.6
634,14970.1
635,14505.4
636,14293.4
637,14261.6
638,14552.8
639,15563
640,17252.8
641,18236.8
642,18350.8
643,18162.6
644,17873.5
645,17652.8
646,17455.7
647,17379.5
648,17242.7
649,17269.2
650,17602.4
651,17953.5
652,18141.9
653,18530.1
654,18435.9
655,17518.4
656,16305.6
657,15117.5
658,14231.2
659,13722.3
660,13377.2
661,13289
662,13515.2
663,14442.9
664,16172
665,17424.5
666,17950.4
667,18307.3
668,18409.1
669,18192.9
670,18043.7
671,17817.1
672,17443.8
673,17417.5
674,17453.5
675,17443
676,17390.8
677,17691.4
678,17584.3
679,16935.6
680,16005.1
681,14973.8
682,14004.1
683,13460.3
684,13088.2
685,12935.6
686,12962.2
687,13314.7
688,14012.7
689,14762.6
690,15494.2
691,15816.2
692,15855.3
693,15739.3
694,15489.4
695,15182
696,15142.7
697,15133.8
698,15304.4
699,15610.1
700,15850.8
701,16293.4
702,16275.7
703,15818.9
704,15096.9
705,14263.2
706,13518.3
707,12976.5
708,12668
709,12503.8
710,12426.8
711,12661.8
712,13117.9
713,13628.2
714,14521.3
715,15283.8
716,15680.1
717,16093.4
718,16356.3
719,16323.5
720,16362
721,16327
722,16430.7
723,16667.9
724,16945.6
725,17499
726,17633.6
727,17054.1
728,16094.5
729,15121.5